"country_id","country_code","country_slug","country_phonecode","country_currency","country_languages","country_name","country_native","country_lat","country_long","ordering","is_active","trash","creator","updater","date_create","date_update","ip","browser","platform","version"
"1","AD","andorra","376","EUR","ca","Andorra","Andorra","42.50000000","1.50000000","1","1","0","import",,"2023-01-04 23:16:37",NULL,"183.89.196.75","Chrome","Windows","49.0.2623.112"
"2","AE","united-arab-emirates","971","AED","ar","United Arab Emirates","دولة الإمارات العربية المتحدة","24.00000000","54.00000000","2","1","0","import",,"2023-01-04 23:16:37",NULL,"183.89.196.75","Chrome","Windows","49.0.2623.112"
"3","AF","afghanistan","93","AFN","ps,uz,tk","Afghanistan","افغانستان","33.00000000","65.00000000","3","1","0","import",,"2023-01-04 23:16:37",NULL,"183.89.196.75","Chrome","Windows","49.0.2623.112"
"4","AG","antigua-and-barbuda","1268","XCD","en","Antigua and Barbuda","Antigua and Barbuda","17.05000000","-61.80000000","4","1","0","import",,"2023-01-04 23:16:37",NULL,"183.89.196.75","Chrome","Windows","49.0.2623.112"
"5","AI","anguilla","1264","XCD","en","Anguilla","Anguilla","18.25000000","-63.16666666","5","1","0","import",,"2023-01-04 23:16:37",NULL,"183.89.196.75","Chrome","Windows","49.0.2623.112"
"6","AL","albania","355","ALL","sq","Albania","Shqipëria","41.00000000","20.00000000","6","1","0","import",,"2023-01-04 23:16:37",NULL,"183.89.196.75","Chrome","Windows","49.0.2623.112"
"7","AM","armenia","374","AMD","hy,ru","Armenia","Հայաստան","40.00000000","45.00000000","7","1","0","import",,"2023-01-04 23:16:37",NULL,"183.89.196.75","Chrome","Windows","49.0.2623.112"
"8","AO","angola","244","AOA","pt","Angola","Angola","-12.50000000","18.50000000","8","1","0","import",,"2023-01-04 23:16:37",NULL,"183.89.196.75","Chrome","Windows","49.0.2623.112"
"9","AQ","antarctica","672","AAD",,"Antarctica","Antarctica","-74.65000000","4.48000000","9","1","0","import",,"2023-01-04 23:16:37",NULL,"183.89.196.75","Chrome","Windows","49.0.2623.112"
"10","AR","argentina","54","ARS","es,gn","Argentina","Argentina","-34.00000000","-64.00000000","10","1","0","import",,"2023-01-04 23:16:37",NULL,"183.89.196.75","Chrome","Windows","49.0.2623.112"
"11","AS","american-samoa","1684","USD","en,sm","American Samoa","American Samoa","-14.33333333","-170.00000000","11","1","0","import",,"2023-01-04 23:16:37",NULL,"183.89.196.75","Chrome","Windows","49.0.2623.112"
"12","AT","austria","43","EUR","de","Austria","Österreich","47.33333333","13.33333333","12","1","0","import",,"2023-01-04 23:16:37",NULL,"183.89.196.75","Chrome","Windows","49.0.2623.112"
"13","AU","australia","61","AUD","en","Australia","Australia","-27.00000000","133.00000000","13","1","0","import",,"2023-01-04 23:16:37",NULL,"183.89.196.75","Chrome","Windows","49.0.2623.112"
"14","AW","aruba","297","AWG","nl,pa","Aruba","Aruba","12.50000000","-69.96666666","14","1","0","import",,"2023-01-04 23:16:37",NULL,"183.89.196.75","Chrome","Windows","49.0.2623.112"
"15","AX","åland","358","EUR","sv","Åland","Åland","60.11666700","19.90000000","15","1","0","import",,"2023-01-04 23:16:37",NULL,"183.89.196.75","Chrome","Windows","49.0.2623.112"
"16","AZ","azerbaijan","994","AZN","az","Azerbaijan","Azərbaycan","40.50000000","47.50000000","16","1","0","import",,"2023-01-04 23:16:37",NULL,"183.89.196.75","Chrome","Windows","49.0.2623.112"
"17","BA","bosnia-and-herzegovina","387","BAM","bs,hr,sr","Bosnia and Herzegovina","Bosna i Hercegovina","44.00000000","18.00000000","17","1","0","import",,"2023-01-04 23:16:37",NULL,"183.89.196.75","Chrome","Windows","49.0.2623.112"
"18","BB","barbados","1246","BBD","en","Barbados","Barbados","13.16666666","-59.53333333","18","1","0","import",,"2023-01-04 23:16:37",NULL,"183.89.196.75","Chrome","Windows","49.0.2623.112"
"19","BD","bangladesh","880","BDT","bn","Bangladesh","Bangladesh","24.00000000","90.00000000","19","1","0","import",,"2023-01-04 23:16:37",NULL,"183.89.196.75","Chrome","Windows","49.0.2623.112"
"20","BE","belgium","32","EUR","nl,fr,de","Belgium","België","50.83333333","4.00000000","20","1","0","import",,"2023-01-04 23:16:37",NULL,"183.89.196.75","Chrome","Windows","49.0.2623.112"
"21","BF","burkina-faso","226","XOF","fr,ff","Burkina Faso","Burkina Faso","13.00000000","-2.00000000","21","1","0","import",,"2023-01-04 23:16:37",NULL,"183.89.196.75","Chrome","Windows","49.0.2623.112"
"22","BG","bulgaria","359","BGN","bg","Bulgaria","България","43.00000000","25.00000000","22","1","0","import",,"2023-01-04 23:16:37",NULL,"183.89.196.75","Chrome","Windows","49.0.2623.112"
"23","BH","bahrain","973","BHD","ar","Bahrain","‏البحرين","26.00000000","50.55000000","23","1","0","import",,"2023-01-04 23:16:37",NULL,"183.89.196.75","Chrome","Windows","49.0.2623.112"
"24","BI","burundi","257","BIF","fr,rn","Burundi","Burundi","-3.50000000","30.00000000","24","1","0","import",,"2023-01-04 23:16:37",NULL,"183.89.196.75","Chrome","Windows","49.0.2623.112"
"25","BJ","benin","229","XOF","fr","Benin","Bénin","9.50000000","2.25000000","25","1","0","import",,"2023-01-04 23:16:37",NULL,"183.89.196.75","Chrome","Windows","49.0.2623.112"
"26","BL","saint-barthélemy","590","EUR","fr","Saint Barthélemy","Saint-Barthélemy","18.50000000","-63.41666666","26","1","0","import",,"2023-01-04 23:16:37",NULL,"183.89.196.75","Chrome","Windows","49.0.2623.112"
"27","BM","bermuda","1441","BMD","en","Bermuda","Bermuda","32.33333333","-64.75000000","27","1","0","import",,"2023-01-04 23:16:37",NULL,"183.89.196.75","Chrome","Windows","49.0.2623.112"
"28","BN","brunei","673","BND","ms","Brunei","Negara Brunei Darussalam","4.50000000","114.66666666","28","1","0","import",,"2023-01-04 23:16:37",NULL,"183.89.196.75","Chrome","Windows","49.0.2623.112"
"29","BO","bolivia","591","BOB","es,ay,qu","Bolivia","Bolivia","-17.00000000","-65.00000000","29","1","0","import",,"2023-01-04 23:16:37",NULL,"183.89.196.75","Chrome","Windows","49.0.2623.112"
"30","BQ","bonaire","5997","USD","nl","Bonaire","Bonaire","12.15000000","-68.26666700","30","1","0","import",,"2023-01-04 23:16:37",NULL,"183.89.196.75","Chrome","Windows","49.0.2623.112"
"31","BR","brazil","55","BRL","pt","Brazil","Brasil","-10.00000000","-55.00000000","31","1","0","import",,"2023-01-04 23:16:37",NULL,"183.89.196.75","Chrome","Windows","49.0.2623.112"
"32","BS","bahamas","1242","BSD","en","Bahamas","Bahamas","24.25000000","-76.00000000","32","1","0","import",,"2023-01-04 23:16:37",NULL,"183.89.196.75","Chrome","Windows","49.0.2623.112"
"33","BT","bhutan","975","BTN","dz","Bhutan","ʼbrug-yul","27.50000000","90.50000000","33","1","0","import",,"2023-01-04 23:16:37",NULL,"183.89.196.75","Chrome","Windows","49.0.2623.112"
"34","BV","bouvet-island","47","NOK","no,nb,nn","Bouvet Island","Bouvetøya","-54.43333333","3.40000000","34","1","0","import",,"2023-01-04 23:16:37",NULL,"183.89.196.75","Chrome","Windows","49.0.2623.112"
"35","BW","botswana","267","BWP","en,tn","Botswana","Botswana","-22.00000000","24.00000000","35","1","0","import",,"2023-01-04 23:16:37",NULL,"183.89.196.75","Chrome","Windows","49.0.2623.112"
"36","BY","belarus","375","BYN","be,ru","Belarus","Белару́сь","53.00000000","28.00000000","36","1","0","import",,"2023-01-04 23:16:37",NULL,"183.89.196.75","Chrome","Windows","49.0.2623.112"
"37","BZ","belize","501","BZD","en,es","Belize","Belize","17.25000000","-88.75000000","37","1","0","import",,"2023-01-04 23:16:37",NULL,"183.89.196.75","Chrome","Windows","49.0.2623.112"
"38","CA","canada","1","CAD","en,fr","Canada","Canada","60.00000000","-95.00000000","38","1","0","import",,"2023-01-04 23:16:37",NULL,"183.89.196.75","Chrome","Windows","49.0.2623.112"
"39","CC","cocos-keeling-islands","61","AUD","en","Cocos [Keeling] Islands","Cocos (Keeling) Islands","-12.50000000","96.83333333","39","1","0","import",,"2023-01-04 23:16:37",NULL,"183.89.196.75","Chrome","Windows","49.0.2623.112"
"40","CD","democratic-republic-of-the-congo","243","CDF","fr,ln,kg,sw,lu","Democratic Republic of the Congo","République démocratique du Congo","0.00000000","25.00000000","40","1","0","import",,"2023-01-04 23:16:37",NULL,"183.89.196.75","Chrome","Windows","49.0.2623.112"
"41","CF","central-african-republic","236","XAF","fr,sg","Central African Republic","Ködörösêse tî Bêafrîka","7.00000000","21.00000000","41","1","0","import",,"2023-01-04 23:16:37",NULL,"183.89.196.75","Chrome","Windows","49.0.2623.112"
"42","CG","republic-of-the-congo","242","XAF","fr,ln","Republic of the Congo","République du Congo","-1.00000000","15.00000000","42","1","0","import",,"2023-01-04 23:16:37",NULL,"183.89.196.75","Chrome","Windows","49.0.2623.112"
"43","CH","switzerland","41","CHF","de,fr,it","Switzerland","Schweiz","47.00000000","8.00000000","43","1","0","import",,"2023-01-04 23:16:37",NULL,"183.89.196.75","Chrome","Windows","49.0.2623.112"
"44","CI","ivory-coast","225","XOF","fr","Ivory Coast","Côte d'Ivoire","8.00000000","-5.00000000","44","1","0","import",,"2023-01-04 23:16:37",NULL,"183.89.196.75","Chrome","Windows","49.0.2623.112"
"45","CK","cook-islands","682","NZD","en","Cook Islands","Cook Islands","-21.23333333","-159.76666666","45","1","0","import",,"2023-01-04 23:16:37",NULL,"183.89.196.75","Chrome","Windows","49.0.2623.112"
"46","CL","chile","56","CLP","es","Chile","Chile","-30.00000000","-71.00000000","46","1","0","import",,"2023-01-04 23:16:37",NULL,"183.89.196.75","Chrome","Windows","49.0.2623.112"
"47","CM","cameroon","237","XAF","en,fr","Cameroon","Cameroon","6.00000000","12.00000000","47","1","0","import",,"2023-01-04 23:16:37",NULL,"183.89.196.75","Chrome","Windows","49.0.2623.112"
"48","CN","china","86","CNY","zh","China","中国","35.00000000","105.00000000","48","1","0","import",,"2023-01-04 23:16:37",NULL,"183.89.196.75","Chrome","Windows","49.0.2623.112"
"49","CO","colombia","57","COP","es","Colombia","Colombia","4.00000000","-72.00000000","49","1","0","import",,"2023-01-04 23:16:37",NULL,"183.89.196.75","Chrome","Windows","49.0.2623.112"
"50","CR","costa-rica","506","CRC","es","Costa Rica","Costa Rica","10.00000000","-84.00000000","50","1","0","import",,"2023-01-04 23:16:37",NULL,"183.89.196.75","Chrome","Windows","49.0.2623.112"
"51","CU","cuba","53","CUP","es","Cuba","Cuba","21.50000000","-80.00000000","51","1","0","import",,"2023-01-04 23:16:37",NULL,"183.89.196.75","Chrome","Windows","49.0.2623.112"
"52","CV","cape-verde","238","CVE","pt","Cape Verde","Cabo Verde","16.00000000","-24.00000000","52","1","0","import",,"2023-01-04 23:16:37",NULL,"183.89.196.75","Chrome","Windows","49.0.2623.112"
"53","CW","curacao","5999","ANG","nl,pa,en","Curacao","Curaçao","12.11666700","-68.93333300","53","1","0","import",,"2023-01-04 23:16:37",NULL,"183.89.196.75","Chrome","Windows","49.0.2623.112"
"54","CX","christmas-island","61","AUD","en","Christmas Island","Christmas Island","-10.50000000","105.66666666","54","1","0","import",,"2023-01-04 23:16:37",NULL,"183.89.196.75","Chrome","Windows","49.0.2623.112"
"55","CY","cyprus","357","EUR","el,tr,hy","Cyprus","Κύπρος","35.00000000","33.00000000","55","1","0","import",,"2023-01-04 23:16:37",NULL,"183.89.196.75","Chrome","Windows","49.0.2623.112"
"56","CZ","czechia","420","CZK","cs,sk","Czechia","Česká republika","49.75000000","15.50000000","56","1","0","import",,"2023-01-04 23:16:37",NULL,"183.89.196.75","Chrome","Windows","49.0.2623.112"
"57","DE","germany","49","EUR","de","Germany","Deutschland","51.00000000","9.00000000","57","1","0","import",,"2023-01-04 23:16:37",NULL,"183.89.196.75","Chrome","Windows","49.0.2623.112"
"58","DJ","djibouti","253","DJF","fr,ar","Djibouti","Djibouti","11.50000000","43.00000000","58","1","0","import",,"2023-01-04 23:16:37",NULL,"183.89.196.75","Chrome","Windows","49.0.2623.112"
"59","DK","denmark","45","DKK","da","Denmark","Danmark","56.00000000","10.00000000","59","1","0","import",,"2023-01-04 23:16:37",NULL,"183.89.196.75","Chrome","Windows","49.0.2623.112"
"60","DM","dominica","1767","XCD","en","Dominica","Dominica","15.41666666","-61.33333333","60","1","0","import",,"2023-01-04 23:16:37",NULL,"183.89.196.75","Chrome","Windows","49.0.2623.112"
"61","DO","dominican-republic","1809,1829,1849","DOP","es","Dominican Republic","República Dominicana","19.00000000","-70.66666666","61","1","0","import",,"2023-01-04 23:16:37",NULL,"183.89.196.75","Chrome","Windows","49.0.2623.112"
"62","DZ","algeria","213","DZD","ar","Algeria","الجزائر","28.00000000","3.00000000","62","1","0","import",,"2023-01-04 23:16:37",NULL,"183.89.196.75","Chrome","Windows","49.0.2623.112"
"63","EC","ecuador","593","USD","es","Ecuador","Ecuador","-2.00000000","-77.50000000","63","1","0","import",,"2023-01-04 23:16:37",NULL,"183.89.196.75","Chrome","Windows","49.0.2623.112"
"64","EE","estonia","372","EUR","et","Estonia","Eesti","59.00000000","26.00000000","64","1","0","import",,"2023-01-04 23:16:37",NULL,"183.89.196.75","Chrome","Windows","49.0.2623.112"
"65","EG","egypt","20","EGP","ar","Egypt","مصر‎","27.00000000","30.00000000","65","1","0","import",,"2023-01-04 23:16:37",NULL,"183.89.196.75","Chrome","Windows","49.0.2623.112"
"66","EH","western-sahara","212","MAD","es","Western Sahara","الصحراء الغربية","24.50000000","-13.00000000","66","1","0","import",,"2023-01-04 23:16:37",NULL,"183.89.196.75","Chrome","Windows","49.0.2623.112"
"67","ER","eritrea","291","ERN","ti,ar,en","Eritrea","ኤርትራ","15.00000000","39.00000000","67","1","0","import",,"2023-01-04 23:16:37",NULL,"183.89.196.75","Chrome","Windows","49.0.2623.112"
"68","ES","spain","34","EUR","es,eu,ca,gl,oc","Spain","España","40.00000000","-4.00000000","68","1","0","import",,"2023-01-04 23:16:37",NULL,"183.89.196.75","Chrome","Windows","49.0.2623.112"
"69","ET","ethiopia","251","ETB","am","Ethiopia","ኢትዮጵያ","8.00000000","38.00000000","69","1","0","import",,"2023-01-04 23:16:37",NULL,"183.89.196.75","Chrome","Windows","49.0.2623.112"
"70","FI","finland","358","EUR","fi,sv","Finland","Suomi","64.00000000","26.00000000","70","1","0","import",,"2023-01-04 23:16:37",NULL,"183.89.196.75","Chrome","Windows","49.0.2623.112"
"71","FJ","fiji","679","FJD","en,fj,hi,ur","Fiji","Fiji","-18.00000000","175.00000000","71","1","0","import",,"2023-01-04 23:16:37",NULL,"183.89.196.75","Chrome","Windows","49.0.2623.112"
"72","FK","falkland-islands","500","FKP","en","Falkland Islands","Falkland Islands","-51.75000000","-59.00000000","72","1","0","import",,"2023-01-04 23:16:37",NULL,"183.89.196.75","Chrome","Windows","49.0.2623.112"
"73","FM","micronesia","691","USD","en","Micronesia","Micronesia","6.91666666","158.25000000","73","1","0","import",,"2023-01-04 23:16:37",NULL,"183.89.196.75","Chrome","Windows","49.0.2623.112"
"74","FO","faroe-islands","298","DKK","fo","Faroe Islands","Føroyar","62.00000000","-7.00000000","74","1","0","import",,"2023-01-04 23:16:37",NULL,"183.89.196.75","Chrome","Windows","49.0.2623.112"
"75","FR","france","33","EUR","fr","France","France","46.00000000","2.00000000","75","1","0","import",,"2023-01-04 23:16:37",NULL,"183.89.196.75","Chrome","Windows","49.0.2623.112"
"76","GA","gabon","241","XAF","fr","Gabon","Gabon","-1.00000000","11.75000000","76","1","0","import",,"2023-01-04 23:16:37",NULL,"183.89.196.75","Chrome","Windows","49.0.2623.112"
"77","GB","united-kingdom","44","GBP","en","United Kingdom","United Kingdom","54.00000000","-2.00000000","77","1","0","import",,"2023-01-04 23:16:37",NULL,"183.89.196.75","Chrome","Windows","49.0.2623.112"
"78","GD","grenada","1473","XCD","en","Grenada","Grenada","12.11666666","-61.66666666","78","1","0","import",,"2023-01-04 23:16:37",NULL,"183.89.196.75","Chrome","Windows","49.0.2623.112"
"79","GE","georgia","995","GEL","ka","Georgia","საქართველო","42.00000000","43.50000000","79","1","0","import",,"2023-01-04 23:16:37",NULL,"183.89.196.75","Chrome","Windows","49.0.2623.112"
"80","GF","french-guiana","594","EUR","fr","French Guiana","Guyane française","4.00000000","-53.00000000","80","1","0","import",,"2023-01-04 23:16:37",NULL,"183.89.196.75","Chrome","Windows","49.0.2623.112"
"81","GG","guernsey","44","GBP","en,fr","Guernsey","Guernsey","49.46666666","-2.58333333","81","1","0","import",,"2023-01-04 23:16:37",NULL,"183.89.196.75","Chrome","Windows","49.0.2623.112"
"82","GH","ghana","233","GHS","en","Ghana","Ghana","8.00000000","-2.00000000","82","1","0","import",,"2023-01-04 23:16:37",NULL,"183.89.196.75","Chrome","Windows","49.0.2623.112"
"83","GI","gibraltar","350","GIP","en","Gibraltar","Gibraltar","36.13333333","-5.35000000","83","1","0","import",,"2023-01-04 23:16:37",NULL,"183.89.196.75","Chrome","Windows","49.0.2623.112"
"84","GL","greenland","299","DKK","kl","Greenland","Kalaallit Nunaat","72.00000000","-40.00000000","84","1","0","import",,"2023-01-04 23:16:37",NULL,"183.89.196.75","Chrome","Windows","49.0.2623.112"
"85","GM","gambia","220","GMD","en","Gambia","Gambia","13.46666666","-16.56666666","85","1","0","import",,"2023-01-04 23:16:37",NULL,"183.89.196.75","Chrome","Windows","49.0.2623.112"
"86","GN","guinea","224","GNF","fr,ff","Guinea","Guinée","11.00000000","-10.00000000","86","1","0","import",,"2023-01-04 23:16:37",NULL,"183.89.196.75","Chrome","Windows","49.0.2623.112"
"87","GP","guadeloupe","590","EUR","fr","Guadeloupe","Guadeloupe","16.25000000","-61.58333300","87","1","0","import",,"2023-01-04 23:16:37",NULL,"183.89.196.75","Chrome","Windows","49.0.2623.112"
"88","GQ","equatorial-guinea","240","XAF","es,fr","Equatorial Guinea","Guinea Ecuatorial","2.00000000","10.00000000","88","1","0","import",,"2023-01-04 23:16:37",NULL,"183.89.196.75","Chrome","Windows","49.0.2623.112"
"89","GR","greece","30","EUR","el","Greece","Ελλάδα","39.00000000","22.00000000","89","1","0","import",,"2023-01-04 23:16:37",NULL,"183.89.196.75","Chrome","Windows","49.0.2623.112"
"90","GS","south-georgia-and-the-south-sandwich-islands","500","GBP","en","South Georgia and the South Sandwich Islands","South Georgia","-54.50000000","-37.00000000","90","1","0","import",,"2023-01-04 23:16:37",NULL,"183.89.196.75","Chrome","Windows","49.0.2623.112"
"91","GT","guatemala","502","GTQ","es","Guatemala","Guatemala","15.50000000","-90.25000000","91","1","0","import",,"2023-01-04 23:16:37",NULL,"183.89.196.75","Chrome","Windows","49.0.2623.112"
"92","GU","guam","1671","USD","en,ch,es","Guam","Guam","13.46666666","144.78333333","92","1","0","import",,"2023-01-04 23:16:37",NULL,"183.89.196.75","Chrome","Windows","49.0.2623.112"
"93","GW","guinea-bissau","245","XOF","pt","Guinea-Bissau","Guiné-Bissau","12.00000000","-15.00000000","93","1","0","import",,"2023-01-04 23:16:37",NULL,"183.89.196.75","Chrome","Windows","49.0.2623.112"
"94","GY","guyana","592","GYD","en","Guyana","Guyana","5.00000000","-59.00000000","94","1","0","import",,"2023-01-04 23:16:37",NULL,"183.89.196.75","Chrome","Windows","49.0.2623.112"
"95","HK","hong-kong","852","HKD","zh,en","Hong Kong","香港","22.25000000","114.16666666","95","1","0","import",,"2023-01-04 23:16:37",NULL,"183.89.196.75","Chrome","Windows","49.0.2623.112"
"96","HM","heard-island-and-mcdonald-islands","61","AUD","en","Heard Island and McDonald Islands","Heard Island and McDonald Islands","-53.10000000","72.51666666","96","1","0","import",,"2023-01-04 23:16:37",NULL,"183.89.196.75","Chrome","Windows","49.0.2623.112"
"97","HN","honduras","504","HNL","es","Honduras","Honduras","15.00000000","-86.50000000","97","1","0","import",,"2023-01-04 23:16:37",NULL,"183.89.196.75","Chrome","Windows","49.0.2623.112"
"98","HR","croatia","385","HRK","hr","Croatia","Hrvatska","45.16666666","15.50000000","98","1","0","import",,"2023-01-04 23:16:37",NULL,"183.89.196.75","Chrome","Windows","49.0.2623.112"
"99","HT","haiti","509","HTG","fr,ht","Haiti","Haïti","19.00000000","-72.41666666","99","1","0","import",,"2023-01-04 23:16:37",NULL,"183.89.196.75","Chrome","Windows","49.0.2623.112"
"100","HU","hungary","36","HUF","hu","Hungary","Magyarország","47.00000000","20.00000000","100","1","0","import",,"2023-01-04 23:16:37",NULL,"183.89.196.75","Chrome","Windows","49.0.2623.112"
"101","ID","indonesia","62","IDR","id","Indonesia","Indonesia","-5.00000000","120.00000000","101","1","0","import",,"2023-01-04 23:16:37",NULL,"183.89.196.75","Chrome","Windows","49.0.2623.112"
"102","IE","ireland","353","EUR","ga,en","Ireland","Éire","53.00000000","-8.00000000","102","1","0","import",,"2023-01-04 23:16:37",NULL,"183.89.196.75","Chrome","Windows","49.0.2623.112"
"103","IL","israel","972","ILS","he,ar","Israel","יִשְׂרָאֵל","31.50000000","34.75000000","103","1","0","import",,"2023-01-04 23:16:37",NULL,"183.89.196.75","Chrome","Windows","49.0.2623.112"
"104","IM","isle-of-man","44","GBP","en,gv","Isle of Man","Isle of Man","54.25000000","-4.50000000","104","1","0","import",,"2023-01-04 23:16:37",NULL,"183.89.196.75","Chrome","Windows","49.0.2623.112"
"105","IN","india","91","INR","hi,en","India","भारत","20.00000000","77.00000000","105","1","0","import",,"2023-01-04 23:16:37",NULL,"183.89.196.75","Chrome","Windows","49.0.2623.112"
"106","IO","british-indian-ocean-territory","246","USD","en","British Indian Ocean Territory","British Indian Ocean Territory","-6.00000000","71.50000000","106","1","0","import",,"2023-01-04 23:16:37",NULL,"183.89.196.75","Chrome","Windows","49.0.2623.112"
"107","IQ","iraq","964","IQD","ar,ku","Iraq","العراق","33.00000000","44.00000000","107","1","0","import",,"2023-01-04 23:16:37",NULL,"183.89.196.75","Chrome","Windows","49.0.2623.112"
"108","IR","iran","98","IRR","fa","Iran","ایران","32.00000000","53.00000000","108","1","0","import",,"2023-01-04 23:16:37",NULL,"183.89.196.75","Chrome","Windows","49.0.2623.112"
"109","IS","iceland","354","ISK","is","Iceland","Ísland","65.00000000","-18.00000000","109","1","0","import",,"2023-01-04 23:16:37",NULL,"183.89.196.75","Chrome","Windows","49.0.2623.112"
"110","IT","italy","39","EUR","it","Italy","Italia","42.83333333","12.83333333","110","1","0","import",,"2023-01-04 23:16:37",NULL,"183.89.196.75","Chrome","Windows","49.0.2623.112"
"111","JE","jersey","44","GBP","en,fr","Jersey","Jersey","49.25000000","-2.16666666","111","1","0","import",,"2023-01-04 23:16:37",NULL,"183.89.196.75","Chrome","Windows","49.0.2623.112"
"112","JM","jamaica","1876","JMD","en","Jamaica","Jamaica","18.25000000","-77.50000000","112","1","0","import",,"2023-01-04 23:16:37",NULL,"183.89.196.75","Chrome","Windows","49.0.2623.112"
"113","JO","jordan","962","JOD","ar","Jordan","الأردن","31.00000000","36.00000000","113","1","0","import",,"2023-01-04 23:16:37",NULL,"183.89.196.75","Chrome","Windows","49.0.2623.112"
"114","JP","japan","81","JPY","ja","Japan","日本","36.00000000","138.00000000","114","1","0","import",,"2023-01-04 23:16:37",NULL,"183.89.196.75","Chrome","Windows","49.0.2623.112"
"115","KE","kenya","254","KES","en,sw","Kenya","Kenya","1.00000000","38.00000000","115","1","0","import",,"2023-01-04 23:16:37",NULL,"183.89.196.75","Chrome","Windows","49.0.2623.112"
"116","KG","kyrgyzstan","996","KGS","ky,ru","Kyrgyzstan","Кыргызстан","41.00000000","75.00000000","116","1","0","import",,"2023-01-04 23:16:37",NULL,"183.89.196.75","Chrome","Windows","49.0.2623.112"
"117","KH","cambodia","855","KHR","km","Cambodia","Kâmpŭchéa","13.00000000","105.00000000","117","1","0","import",,"2023-01-04 23:16:37",NULL,"183.89.196.75","Chrome","Windows","49.0.2623.112"
"118","KI","kiribati","686","AUD","en","Kiribati","Kiribati","1.41666666","173.00000000","118","1","0","import",,"2023-01-04 23:16:37",NULL,"183.89.196.75","Chrome","Windows","49.0.2623.112"
"119","KM","comoros","269","KMF","ar,fr","Comoros","Komori","-12.16666666","44.25000000","119","1","0","import",,"2023-01-04 23:16:37",NULL,"183.89.196.75","Chrome","Windows","49.0.2623.112"
"120","KN","saint-kitts-and-nevis","1869","XCD","en","Saint Kitts and Nevis","Saint Kitts and Nevis","17.33333333","-62.75000000","120","1","0","import",,"2023-01-04 23:16:37",NULL,"183.89.196.75","Chrome","Windows","49.0.2623.112"
"121","KP","north-korea","850","KPW","ko","North Korea","북한","40.00000000","127.00000000","121","1","0","import",,"2023-01-04 23:16:37",NULL,"183.89.196.75","Chrome","Windows","49.0.2623.112"
"122","KR","south-korea","82","KRW","ko","South Korea","대한민국","37.00000000","127.50000000","122","1","0","import",,"2023-01-04 23:16:37",NULL,"183.89.196.75","Chrome","Windows","49.0.2623.112"
"123","KW","kuwait","965","KWD","ar","Kuwait","الكويت","29.50000000","45.75000000","123","1","0","import",,"2023-01-04 23:16:37",NULL,"183.89.196.75","Chrome","Windows","49.0.2623.112"
"124","KY","cayman-islands","1345","KYD","en","Cayman Islands","Cayman Islands","19.50000000","-80.50000000","124","1","0","import",,"2023-01-04 23:16:37",NULL,"183.89.196.75","Chrome","Windows","49.0.2623.112"
"125","KZ","kazakhstan","76,77","KZT","kk,ru","Kazakhstan","Қазақстан","48.00000000","68.00000000","125","1","0","import",,"2023-01-04 23:16:37",NULL,"183.89.196.75","Chrome","Windows","49.0.2623.112"
"126","LA","laos","856","LAK","lo","Laos","ສປປລາວ","18.00000000","105.00000000","126","1","0","import",,"2023-01-04 23:16:37",NULL,"183.89.196.75","Chrome","Windows","49.0.2623.112"
"127","LB","lebanon","961","LBP","ar,fr","Lebanon","لبنان","33.83333333","35.83333333","127","1","0","import",,"2023-01-04 23:16:37",NULL,"183.89.196.75","Chrome","Windows","49.0.2623.112"
"128","LC","saint-lucia","1758","XCD","en","Saint Lucia","Saint Lucia","13.88333333","-60.96666666","128","1","0","import",,"2023-01-04 23:16:37",NULL,"183.89.196.75","Chrome","Windows","49.0.2623.112"
"129","LI","liechtenstein","423","CHF","de","Liechtenstein","Liechtenstein","47.26666666","9.53333333","129","1","0","import",,"2023-01-04 23:16:37",NULL,"183.89.196.75","Chrome","Windows","49.0.2623.112"
"130","LK","sri-lanka","94","LKR","si,ta","Sri Lanka","śrī laṃkāva","7.00000000","81.00000000","130","1","0","import",,"2023-01-04 23:16:37",NULL,"183.89.196.75","Chrome","Windows","49.0.2623.112"
"131","LR","liberia","231","LRD","en","Liberia","Liberia","6.50000000","-9.50000000","131","1","0","import",,"2023-01-04 23:16:37",NULL,"183.89.196.75","Chrome","Windows","49.0.2623.112"
"132","LS","lesotho","266","LSL","en,st","Lesotho","Lesotho","-29.50000000","28.50000000","132","1","0","import",,"2023-01-04 23:16:37",NULL,"183.89.196.75","Chrome","Windows","49.0.2623.112"
"133","LT","lithuania","370","EUR","lt","Lithuania","Lietuva","56.00000000","24.00000000","133","1","0","import",,"2023-01-04 23:16:37",NULL,"183.89.196.75","Chrome","Windows","49.0.2623.112"
"134","LU","luxembourg","352","EUR","fr,de,lb","Luxembourg","Luxembourg","49.75000000","6.16666666","134","1","0","import",,"2023-01-04 23:16:37",NULL,"183.89.196.75","Chrome","Windows","49.0.2623.112"
"135","LV","latvia","371","EUR","lv","Latvia","Latvija","57.00000000","25.00000000","135","1","0","import",,"2023-01-04 23:16:37",NULL,"183.89.196.75","Chrome","Windows","49.0.2623.112"
"136","LY","libya","218","LYD","ar","Libya","‏ليبيا","25.00000000","17.00000000","136","1","0","import",,"2023-01-04 23:16:37",NULL,"183.89.196.75","Chrome","Windows","49.0.2623.112"
"137","MA","morocco","212","MAD","ar","Morocco","المغرب","32.00000000","-5.00000000","137","1","0","import",,"2023-01-04 23:16:37",NULL,"183.89.196.75","Chrome","Windows","49.0.2623.112"
"138","MC","monaco","377","EUR","fr","Monaco","Monaco","43.73333333","7.40000000","138","1","0","import",,"2023-01-04 23:16:37",NULL,"183.89.196.75","Chrome","Windows","49.0.2623.112"
"139","MD","moldova","373","MDL","ro","Moldova","Moldova","47.00000000","29.00000000","139","1","0","import",,"2023-01-04 23:16:37",NULL,"183.89.196.75","Chrome","Windows","49.0.2623.112"
"140","ME","montenegro","382","EUR","sr,bs,sq,hr","Montenegro","Црна Гора","42.50000000","19.30000000","140","1","0","import",,"2023-01-04 23:16:37",NULL,"183.89.196.75","Chrome","Windows","49.0.2623.112"
"141","MF","saint-martin","590","EUR","en,fr,nl","Saint Martin","Saint-Martin","18.08333333","-63.95000000","141","1","0","import",,"2023-01-04 23:16:37",NULL,"183.89.196.75","Chrome","Windows","49.0.2623.112"
"142","MG","madagascar","261","MGA","fr,mg","Madagascar","Madagasikara","-20.00000000","47.00000000","142","1","0","import",,"2023-01-04 23:16:37",NULL,"183.89.196.75","Chrome","Windows","49.0.2623.112"
"143","MH","marshall-islands","692","USD","en,mh","Marshall Islands","M̧ajeļ","9.00000000","168.00000000","143","1","0","import",,"2023-01-04 23:16:37",NULL,"183.89.196.75","Chrome","Windows","49.0.2623.112"
"144","MK","macedonia","389","MKD","mk","Macedonia","Северна Македонија","41.83333333","22.00000000","144","1","0","import",,"2023-01-04 23:16:37",NULL,"183.89.196.75","Chrome","Windows","49.0.2623.112"
"145","ML","mali","223","XOF","fr","Mali","Mali","17.00000000","-4.00000000","145","1","0","import",,"2023-01-04 23:16:37",NULL,"183.89.196.75","Chrome","Windows","49.0.2623.112"
"146","MM","myanmar-burma","95","MMK","my","Myanmar [Burma]","မြန်မာ","22.00000000","98.00000000","146","1","0","import",,"2023-01-04 23:16:37",NULL,"183.89.196.75","Chrome","Windows","49.0.2623.112"
"147","MN","mongolia","976","MNT","mn","Mongolia","Монгол улс","46.00000000","105.00000000","147","1","0","import",,"2023-01-04 23:16:37",NULL,"183.89.196.75","Chrome","Windows","49.0.2623.112"
"148","MO","macao","853","MOP","zh,pt","Macao","澳門","22.16666666","113.55000000","148","1","0","import",,"2023-01-04 23:16:37",NULL,"183.89.196.75","Chrome","Windows","49.0.2623.112"
"149","MP","northern-mariana-islands","1670","USD","en,ch","Northern Mariana Islands","Northern Mariana Islands","15.20000000","145.75000000","149","1","0","import",,"2023-01-04 23:16:37",NULL,"183.89.196.75","Chrome","Windows","49.0.2623.112"
"150","MQ","martinique","596","EUR","fr","Martinique","Martinique","14.66666700","-61.00000000","150","1","0","import",,"2023-01-04 23:16:37",NULL,"183.89.196.75","Chrome","Windows","49.0.2623.112"
"151","MR","mauritania","222","MRO","ar","Mauritania","موريتانيا","20.00000000","-12.00000000","151","1","0","import",,"2023-01-04 23:16:37",NULL,"183.89.196.75","Chrome","Windows","49.0.2623.112"
"152","MS","montserrat","1664","XCD","en","Montserrat","Montserrat","16.75000000","-62.20000000","152","1","0","import",,"2023-01-04 23:16:37",NULL,"183.89.196.75","Chrome","Windows","49.0.2623.112"
"153","MT","malta","356","EUR","mt,en","Malta","Malta","35.83333333","14.58333333","153","1","0","import",,"2023-01-04 23:16:37",NULL,"183.89.196.75","Chrome","Windows","49.0.2623.112"
"154","MU","mauritius","230","MUR","en","Mauritius","Maurice","-20.28333333","57.55000000","154","1","0","import",,"2023-01-04 23:16:37",NULL,"183.89.196.75","Chrome","Windows","49.0.2623.112"
"155","MV","maldives","960","MVR","dv","Maldives","Maldives","3.25000000","73.00000000","155","1","0","import",,"2023-01-04 23:16:37",NULL,"183.89.196.75","Chrome","Windows","49.0.2623.112"
"156","MW","malawi","265","MWK","en,ny","Malawi","Malawi","-13.50000000","34.00000000","156","1","0","import",,"2023-01-04 23:16:37",NULL,"183.89.196.75","Chrome","Windows","49.0.2623.112"
"157","MX","mexico","52","MXN","es","Mexico","México","23.00000000","-102.00000000","157","1","0","import",,"2023-01-04 23:16:37",NULL,"183.89.196.75","Chrome","Windows","49.0.2623.112"
"158","MY","malaysia","60","MYR","ms","Malaysia","Malaysia","2.50000000","112.50000000","158","1","0","import",,"2023-01-04 23:16:37",NULL,"183.89.196.75","Chrome","Windows","49.0.2623.112"
"159","MZ","mozambique","258","MZN","pt","Mozambique","Moçambique","-18.25000000","35.00000000","159","1","0","import",,"2023-01-04 23:16:37",NULL,"183.89.196.75","Chrome","Windows","49.0.2623.112"
"160","NA","namibia","264","NAD","en,af","Namibia","Namibia","-22.00000000","17.00000000","160","1","0","import",,"2023-01-04 23:16:37",NULL,"183.89.196.75","Chrome","Windows","49.0.2623.112"
"161","NC","new-caledonia","687","XPF","fr","New Caledonia","Nouvelle-Calédonie","-21.50000000","165.50000000","161","1","0","import",,"2023-01-04 23:16:37",NULL,"183.89.196.75","Chrome","Windows","49.0.2623.112"
"162","NE","niger","227","XOF","fr","Niger","Niger","16.00000000","8.00000000","162","1","0","import",,"2023-01-04 23:16:37",NULL,"183.89.196.75","Chrome","Windows","49.0.2623.112"
"163","NF","norfolk-island","672","AUD","en","Norfolk Island","Norfolk Island","-29.03333333","167.95000000","163","1","0","import",,"2023-01-04 23:16:37",NULL,"183.89.196.75","Chrome","Windows","49.0.2623.112"
"164","NG","nigeria","234","NGN","en","Nigeria","Nigeria","10.00000000","8.00000000","164","1","0","import",,"2023-01-04 23:16:37",NULL,"183.89.196.75","Chrome","Windows","49.0.2623.112"
"165","NI","nicaragua","505","NIO","es","Nicaragua","Nicaragua","13.00000000","-85.00000000","165","1","0","import",,"2023-01-04 23:16:37",NULL,"183.89.196.75","Chrome","Windows","49.0.2623.112"
"166","NL","netherlands","31","EUR","nl","Netherlands","Nederland","52.50000000","5.75000000","166","1","0","import",,"2023-01-04 23:16:37",NULL,"183.89.196.75","Chrome","Windows","49.0.2623.112"
"167","NO","norway","47","NOK","no,nb,nn","Norway","Norge","62.00000000","10.00000000","167","1","0","import",,"2023-01-04 23:16:37",NULL,"183.89.196.75","Chrome","Windows","49.0.2623.112"
"168","NP","nepal","977","NPR","ne","Nepal","नपल","28.00000000","84.00000000","168","1","0","import",,"2023-01-04 23:16:37",NULL,"183.89.196.75","Chrome","Windows","49.0.2623.112"
"169","NR","nauru","674","AUD","en,na","Nauru","Nauru","-0.53333333","166.91666666","169","1","0","import",,"2023-01-04 23:16:37",NULL,"183.89.196.75","Chrome","Windows","49.0.2623.112"
"170","NU","niue","683","NZD","en","Niue","Niuē","-19.03333333","-169.86666666","170","1","0","import",,"2023-01-04 23:16:37",NULL,"183.89.196.75","Chrome","Windows","49.0.2623.112"
"171","NZ","new-zealand","64","NZD","en,mi","New Zealand","New Zealand","-41.00000000","174.00000000","171","1","0","import",,"2023-01-04 23:16:37",NULL,"183.89.196.75","Chrome","Windows","49.0.2623.112"
"172","OM","oman","968","OMR","ar","Oman","عمان","21.00000000","57.00000000","172","1","0","import",,"2023-01-04 23:16:37",NULL,"183.89.196.75","Chrome","Windows","49.0.2623.112"
"173","PA","panama","507","PAB","es","Panama","Panamá","9.00000000","-80.00000000","173","1","0","import",,"2023-01-04 23:16:37",NULL,"183.89.196.75","Chrome","Windows","49.0.2623.112"
"174","PE","peru","51","PEN","es","Peru","Perú","-10.00000000","-76.00000000","174","1","0","import",,"2023-01-04 23:16:37",NULL,"183.89.196.75","Chrome","Windows","49.0.2623.112"
"175","PF","french-polynesia","689","XPF","fr","French Polynesia","Polynésie française","-15.00000000","-140.00000000","175","1","0","import",,"2023-01-04 23:16:37",NULL,"183.89.196.75","Chrome","Windows","49.0.2623.112"
"176","PG","papua-new-guinea","675","PGK","en","Papua New Guinea","Papua Niugini","-6.00000000","147.00000000","176","1","0","import",,"2023-01-04 23:16:37",NULL,"183.89.196.75","Chrome","Windows","49.0.2623.112"
"177","PH","philippines","63","PHP","en","Philippines","Pilipinas","13.00000000","122.00000000","177","1","0","import",,"2023-01-04 23:16:37",NULL,"183.89.196.75","Chrome","Windows","49.0.2623.112"
"178","PK","pakistan","92","PKR","en,ur","Pakistan","Pakistan","30.00000000","70.00000000","178","1","0","import",,"2023-01-04 23:16:37",NULL,"183.89.196.75","Chrome","Windows","49.0.2623.112"
"179","PL","poland","48","PLN","pl","Poland","Polska","52.00000000","20.00000000","179","1","0","import",,"2023-01-04 23:16:37",NULL,"183.89.196.75","Chrome","Windows","49.0.2623.112"
"180","PM","saint-pierre-and-miquelon","508","EUR","fr","Saint Pierre and Miquelon","Saint-Pierre-et-Miquelon","46.83333333","-56.33333333","180","1","0","import",,"2023-01-04 23:16:37",NULL,"183.89.196.75","Chrome","Windows","49.0.2623.112"
"181","PN","pitcairn-islands","64","NZD","en","Pitcairn Islands","Pitcairn Islands","-25.06666666","-130.10000000","181","1","0","import",,"2023-01-04 23:16:37",NULL,"183.89.196.75","Chrome","Windows","49.0.2623.112"
"182","PR","puerto-rico","1787,1939","USD","es,en","Puerto Rico","Puerto Rico","18.25000000","-66.50000000","182","1","0","import",,"2023-01-04 23:16:37",NULL,"183.89.196.75","Chrome","Windows","49.0.2623.112"
"183","PS","palestine","970","ILS","ar","Palestine","فلسطين","31.90000000","35.20000000","183","1","0","import",,"2023-01-04 23:16:37",NULL,"183.89.196.75","Chrome","Windows","49.0.2623.112"
"184","PT","portugal","351","EUR","pt","Portugal","Portugal","39.50000000","-8.00000000","184","1","0","import",,"2023-01-04 23:16:37",NULL,"183.89.196.75","Chrome","Windows","49.0.2623.112"
"185","PW","palau","680","USD","en","Palau","Palau","7.50000000","134.50000000","185","1","0","import",,"2023-01-04 23:16:37",NULL,"183.89.196.75","Chrome","Windows","49.0.2623.112"
"186","PY","paraguay","595","PYG","es,gn","Paraguay","Paraguay","-23.00000000","-58.00000000","186","1","0","import",,"2023-01-04 23:16:37",NULL,"183.89.196.75","Chrome","Windows","49.0.2623.112"
"187","QA","qatar","974","QAR","ar","Qatar","قطر","25.50000000","51.25000000","187","1","0","import",,"2023-01-04 23:16:37",NULL,"183.89.196.75","Chrome","Windows","49.0.2623.112"
"188","RE","réunion","262","EUR","fr","Réunion","La Réunion","-21.15000000","55.50000000","188","1","0","import",,"2023-01-04 23:16:37",NULL,"183.89.196.75","Chrome","Windows","49.0.2623.112"
"189","RO","romania","40","RON","ro","Romania","România","46.00000000","25.00000000","189","1","0","import",,"2023-01-04 23:16:37",NULL,"183.89.196.75","Chrome","Windows","49.0.2623.112"
"190","RS","serbia","381","RSD","sr","Serbia","Србија","44.00000000","21.00000000","190","1","0","import",,"2023-01-04 23:16:37",NULL,"183.89.196.75","Chrome","Windows","49.0.2623.112"
"191","RU","russia","7","RUB","ru","Russia","Россия","60.00000000","100.00000000","191","1","0","import",,"2023-01-04 23:16:37",NULL,"183.89.196.75","Chrome","Windows","49.0.2623.112"
"192","RW","rwanda","250","RWF","rw,en,fr","Rwanda","Rwanda","-2.00000000","30.00000000","192","1","0","import",,"2023-01-04 23:16:37",NULL,"183.89.196.75","Chrome","Windows","49.0.2623.112"
"193","SA","saudi-arabia","966","SAR","ar","Saudi Arabia","العربية السعودية","25.00000000","45.00000000","193","1","0","import",,"2023-01-04 23:16:37",NULL,"183.89.196.75","Chrome","Windows","49.0.2623.112"
"194","SB","solomon-islands","677","SBD","en","Solomon Islands","Solomon Islands","-8.00000000","159.00000000","194","1","0","import",,"2023-01-04 23:16:37",NULL,"183.89.196.75","Chrome","Windows","49.0.2623.112"
"195","SC","seychelles","248","SCR","fr,en","Seychelles","Seychelles","-4.58333333","55.66666666","195","1","0","import",,"2023-01-04 23:16:37",NULL,"183.89.196.75","Chrome","Windows","49.0.2623.112"
"196","SD","sudan","249","SDG","ar,en","Sudan","السودان","15.00000000","30.00000000","196","1","0","import",,"2023-01-04 23:16:37",NULL,"183.89.196.75","Chrome","Windows","49.0.2623.112"
"197","SE","sweden","46","SEK","sv","Sweden","Sverige","62.00000000","15.00000000","197","1","0","import",,"2023-01-04 23:16:37",NULL,"183.89.196.75","Chrome","Windows","49.0.2623.112"
"198","SG","singapore","65","SGD","en,ms,ta,zh","Singapore","Singapore","1.36666666","103.80000000","198","1","0","import",,"2023-01-04 23:16:37",NULL,"183.89.196.75","Chrome","Windows","49.0.2623.112"
"199","SH","saint-helena","290","SHP","en","Saint Helena","Saint Helena","-15.95000000","-5.70000000","199","1","0","import",,"2023-01-04 23:16:37",NULL,"183.89.196.75","Chrome","Windows","49.0.2623.112"
"200","SI","slovenia","386","EUR","sl","Slovenia","Slovenija","46.11666666","14.81666666","200","1","0","import",,"2023-01-04 23:16:37",NULL,"183.89.196.75","Chrome","Windows","49.0.2623.112"
"201","SJ","svalbard-and-jan-mayen","4779","NOK","no","Svalbard and Jan Mayen","Svalbard og Jan Mayen","78.00000000","20.00000000","201","1","0","import",,"2023-01-04 23:16:37",NULL,"183.89.196.75","Chrome","Windows","49.0.2623.112"
"202","SK","slovakia","421","EUR","sk","Slovakia","Slovensko","48.66666666","19.50000000","202","1","0","import",,"2023-01-04 23:16:37",NULL,"183.89.196.75","Chrome","Windows","49.0.2623.112"
"203","SL","sierra-leone","232","SLL","en","Sierra Leone","Sierra Leone","8.50000000","-11.50000000","203","1","0","import",,"2023-01-04 23:16:37",NULL,"183.89.196.75","Chrome","Windows","49.0.2623.112"
"204","SM","san-marino","378","EUR","it","San Marino","San Marino","43.76666666","12.41666666","204","1","0","import",,"2023-01-04 23:16:37",NULL,"183.89.196.75","Chrome","Windows","49.0.2623.112"
"205","SN","senegal","221","XOF","fr","Senegal","Sénégal","14.00000000","-14.00000000","205","1","0","import",,"2023-01-04 23:16:37",NULL,"183.89.196.75","Chrome","Windows","49.0.2623.112"
"206","SO","somalia","252","SOS","so,ar","Somalia","Soomaaliya","10.00000000","49.00000000","206","1","0","import",,"2023-01-04 23:16:37",NULL,"183.89.196.75","Chrome","Windows","49.0.2623.112"
"207","SR","suriname","597","SRD","nl","Suriname","Suriname","4.00000000","-56.00000000","207","1","0","import",,"2023-01-04 23:16:37",NULL,"183.89.196.75","Chrome","Windows","49.0.2623.112"
"208","SS","south-sudan","211","SSP","en","South Sudan","South Sudan","7.00000000","30.00000000","208","1","0","import",,"2023-01-04 23:16:37",NULL,"183.89.196.75","Chrome","Windows","49.0.2623.112"
"209","ST","são-tomé-and-príncipe","239","STD","pt","São Tomé and Príncipe","São Tomé e Príncipe","1.00000000","7.00000000","209","1","0","import",,"2023-01-04 23:16:37",NULL,"183.89.196.75","Chrome","Windows","49.0.2623.112"
"210","SV","el-salvador","503","USD","es","El Salvador","El Salvador","13.83333333","-88.91666666","210","1","0","import",,"2023-01-04 23:16:37",NULL,"183.89.196.75","Chrome","Windows","49.0.2623.112"
"211","SX","sint-maarten","1721","ANG","nl,en","Sint Maarten","Sint Maarten","18.03333300","-63.05000000","211","1","0","import",,"2023-01-04 23:16:37",NULL,"183.89.196.75","Chrome","Windows","49.0.2623.112"
"212","SY","syria","963","SYP","ar","Syria","سوريا","35.00000000","38.00000000","212","1","0","import",,"2023-01-04 23:16:37",NULL,"183.89.196.75","Chrome","Windows","49.0.2623.112"
"213","SZ","swaziland","268","SZL","en,ss","Swaziland","Swaziland","-26.50000000","31.50000000","213","1","0","import",,"2023-01-04 23:16:37",NULL,"183.89.196.75","Chrome","Windows","49.0.2623.112"
"214","TC","turks-and-caicos-islands","1649","USD","en","Turks and Caicos Islands","Turks and Caicos Islands","21.75000000","-71.58333333","214","1","0","import",,"2023-01-04 23:16:37",NULL,"183.89.196.75","Chrome","Windows","49.0.2623.112"
"215","TD","chad","235","XAF","fr,ar","Chad","Tchad","15.00000000","19.00000000","215","1","0","import",,"2023-01-04 23:16:37",NULL,"183.89.196.75","Chrome","Windows","49.0.2623.112"
"216","TF","french-southern-territories","262","EUR","fr","French Southern Territories","Territoire des Terres australes et antarctiques fr","-49.25000000","69.16700000","216","1","0","import",,"2023-01-04 23:16:37",NULL,"183.89.196.75","Chrome","Windows","49.0.2623.112"
"217","TG","togo","228","XOF","fr","Togo","Togo","8.00000000","1.16666666","217","1","0","import",,"2023-01-04 23:16:37",NULL,"183.89.196.75","Chrome","Windows","49.0.2623.112"
"218","TH","thailand","66","THB","th","Thailand","ประเทศไทย","15.00000000","100.00000000","218","1","0","import",,"2023-01-04 23:16:37",NULL,"183.89.196.75","Chrome","Windows","49.0.2623.112"
"219","TJ","tajikistan","992","TJS","tg,ru","Tajikistan","Тоҷикистон","39.00000000","71.00000000","219","1","0","import",,"2023-01-04 23:16:37",NULL,"183.89.196.75","Chrome","Windows","49.0.2623.112"
"220","TK","tokelau","690","NZD","en","Tokelau","Tokelau","-9.00000000","-172.00000000","220","1","0","import",,"2023-01-04 23:16:37",NULL,"183.89.196.75","Chrome","Windows","49.0.2623.112"
"221","TL","east-timor","670","USD","pt","East Timor","Timor-Leste","-8.83333333","125.91666666","221","1","0","import",,"2023-01-04 23:16:37",NULL,"183.89.196.75","Chrome","Windows","49.0.2623.112"
"222","TM","turkmenistan","993","TMT","tk,ru","Turkmenistan","Türkmenistan","40.00000000","60.00000000","222","1","0","import",,"2023-01-04 23:16:37",NULL,"183.89.196.75","Chrome","Windows","49.0.2623.112"
"223","TN","tunisia","216","TND","ar","Tunisia","تونس","34.00000000","9.00000000","223","1","0","import",,"2023-01-04 23:16:37",NULL,"183.89.196.75","Chrome","Windows","49.0.2623.112"
"224","TO","tonga","676","TOP","en,to","Tonga","Tonga","-20.00000000","-175.00000000","224","1","0","import",,"2023-01-04 23:16:37",NULL,"183.89.196.75","Chrome","Windows","49.0.2623.112"
"225","TR","turkey","90","TRY","tr","Turkey","Türkiye","39.00000000","35.00000000","225","1","0","import",,"2023-01-04 23:16:37",NULL,"183.89.196.75","Chrome","Windows","49.0.2623.112"
"226","TT","trinidad-and-tobago","1868","TTD","en","Trinidad and Tobago","Trinidad and Tobago","11.00000000","-61.00000000","226","1","0","import",,"2023-01-04 23:16:37",NULL,"183.89.196.75","Chrome","Windows","49.0.2623.112"
"227","TV","tuvalu","688","AUD","en","Tuvalu","Tuvalu","-8.00000000","178.00000000","227","1","0","import",,"2023-01-04 23:16:37",NULL,"183.89.196.75","Chrome","Windows","49.0.2623.112"
"228","TW","taiwan","886","TWD","zh","Taiwan","臺灣","23.50000000","121.00000000","228","1","0","import",,"2023-01-04 23:16:37",NULL,"183.89.196.75","Chrome","Windows","49.0.2623.112"
"229","TZ","tanzania","255","TZS","sw,en","Tanzania","Tanzania","-6.00000000","35.00000000","229","1","0","import",,"2023-01-04 23:16:37",NULL,"183.89.196.75","Chrome","Windows","49.0.2623.112"
"230","UA","ukraine","380","UAH","uk","Ukraine","Україна","49.00000000","32.00000000","230","1","0","import",,"2023-01-04 23:16:37",NULL,"183.89.196.75","Chrome","Windows","49.0.2623.112"
"231","UG","uganda","256","UGX","en,sw","Uganda","Uganda","1.00000000","32.00000000","231","1","0","import",,"2023-01-04 23:16:37",NULL,"183.89.196.75","Chrome","Windows","49.0.2623.112"
"232","UM","us-minor-outlying-islands","1","USD","en","U.S. Minor Outlying Islands","United States Minor Outlying Islands","0.00000000","0.00000000","232","1","0","import",,"2023-01-04 23:16:37",NULL,"183.89.196.75","Chrome","Windows","49.0.2623.112"
"233","US","united-states","1","USD","en","United States","United States","38.00000000","-97.00000000","233","1","0","import",,"2023-01-04 23:16:37",NULL,"183.89.196.75","Chrome","Windows","49.0.2623.112"
"234","UY","uruguay","598","UYU","es","Uruguay","Uruguay","-33.00000000","-56.00000000","234","1","0","import",,"2023-01-04 23:16:37",NULL,"183.89.196.75","Chrome","Windows","49.0.2623.112"
"235","UZ","uzbekistan","998","UZS","uz,ru","Uzbekistan","O‘zbekiston","41.00000000","64.00000000","235","1","0","import",,"2023-01-04 23:16:37",NULL,"183.89.196.75","Chrome","Windows","49.0.2623.112"
"236","VA","vatican-city","379","EUR","it,la","Vatican City","Vaticano","41.90000000","12.45000000","236","1","0","import",,"2023-01-04 23:16:37",NULL,"183.89.196.75","Chrome","Windows","49.0.2623.112"
"237","VC","saint-vincent-and-the-grenadines","1784","XCD","en","Saint Vincent and the Grenadines","Saint Vincent and the Grenadines","13.25000000","-61.20000000","237","1","0","import",,"2023-01-04 23:16:37",NULL,"183.89.196.75","Chrome","Windows","49.0.2623.112"
"238","VE","venezuela","58","VEF","es","Venezuela","Venezuela","8.00000000","-66.00000000","238","1","0","import",,"2023-01-04 23:16:37",NULL,"183.89.196.75","Chrome","Windows","49.0.2623.112"
"239","VG","british-virgin-islands","1284","USD","en","British Virgin Islands","British Virgin Islands","18.43138300","-64.62305000","239","1","0","import",,"2023-01-04 23:16:37",NULL,"183.89.196.75","Chrome","Windows","49.0.2623.112"
"240","VI","us-virgin-islands","1340","USD","en","U.S. Virgin Islands","United States Virgin Islands","18.34000000","-64.93000000","240","1","0","import",,"2023-01-04 23:16:37",NULL,"183.89.196.75","Chrome","Windows","49.0.2623.112"
"241","VN","vietnam","84","VND","vi","Vietnam","Việt Nam","16.16666666","107.83333333","241","1","0","import",,"2023-01-04 23:16:37",NULL,"183.89.196.75","Chrome","Windows","49.0.2623.112"
"242","VU","vanuatu","678","VUV","bi,en,fr","Vanuatu","Vanuatu","-16.00000000","167.00000000","242","1","0","import",,"2023-01-04 23:16:37",NULL,"183.89.196.75","Chrome","Windows","49.0.2623.112"
"243","WF","wallis-and-futuna","681","XPF","fr","Wallis and Futuna","Wallis et Futuna","-13.30000000","-176.20000000","243","1","0","import",,"2023-01-04 23:16:37",NULL,"183.89.196.75","Chrome","Windows","49.0.2623.112"
"244","WS","samoa","685","WST","sm,en","Samoa","Samoa","-13.58333333","-172.33333333","244","1","0","import",,"2023-01-04 23:16:37",NULL,"183.89.196.75","Chrome","Windows","49.0.2623.112"
"245","XK","kosovo","377,381,383,386","EUR","sq,sr","Kosovo","Republika e Kosovës","42.56129090","20.34030350","245","1","0","import",,"2023-01-04 23:16:37",NULL,"183.89.196.75","Chrome","Windows","49.0.2623.112"
"246","YE","yemen","967","YER","ar","Yemen","اليَمَن","15.00000000","48.00000000","246","1","0","import",,"2023-01-04 23:16:37",NULL,"183.89.196.75","Chrome","Windows","49.0.2623.112"
"247","YT","mayotte","262","EUR","fr","Mayotte","Mayotte","-12.83333333","45.16666666","247","1","0","import",,"2023-01-04 23:16:37",NULL,"183.89.196.75","Chrome","Windows","49.0.2623.112"
"248","ZA","south-africa","27","ZAR","af,en,nr,st,ss,tn,ts,ve,xh,zu","South Africa","South Africa","-29.00000000","24.00000000","248","1","0","import",,"2023-01-04 23:16:37",NULL,"183.89.196.75","Chrome","Windows","49.0.2623.112"
"249","ZM","zambia","260","ZMW","en","Zambia","Zambia","-15.00000000","30.00000000","249","1","0","import",,"2023-01-04 23:16:37",NULL,"183.89.196.75","Chrome","Windows","49.0.2623.112"
"250","ZW","zimbabwe","263","ZWL","en,sn,nd","Zimbabwe","Zimbabwe","-20.00000000","30.00000000","250","1","0","import",,"2023-01-04 23:16:37",NULL,"183.89.196.75","Chrome","Windows","49.0.2623.112"
